<?xml version="1.0" encoding="UTF-8"?>
<jboss-deployment-structure>
	<deployment>
		<exclude-subsystems>
			<!-- Required for JMX Console -->
			<subsystem name="jaxrs" />
			<!-- Required due to clashes with Jersey -->
			<subsystem name="resteasy" />
			<!-- Required to suppress CDI injection problems related to @Name annotations -->
			<subsystem name="weld" />
			<!-- Will blow up complaining about our webservices without this -->
			<subsystem name="webservices" />
		</exclude-subsystems>
		<exclusions>
			<!-- Clashes with TA required versions of hibernate -->
			<module name="org.hibernate" />
			<module name="org.hibernate.validator" />
			<!-- Avoid JBoss using its own log4j which turns on lots of info logging -->
			<module name="org.apache.log4j" />
		</exclusions>
		<dependencies>
			<!-- Required for compiling rules -->
			<!-- <module name="com.sun.tools.javac"/> -->
			<!-- Required for JMX Console -->
			<module name="org.jboss.as.jmx"/>
			<!-- Required for deployments using mssql databases during TA license import and any use of adaptive data -->
			<module name="com.microsoft"/>
			<!-- Required for SSO - Urem it if needed
			<module name="org.jboss.security.negotiation" />
			-->
		</dependencies>
	</deployment>
</jboss-deployment-structure>
