<?xml version="1.0" encoding="UTF-8"?>
<jboss-web>
	<security-domain>other</security-domain>
	<resource-ref>
		<res-ref-name>jdbc/fineosappref</res-ref-name>
		<jndi-name>java:/AKESO_SYS_APP</jndi-name>
	</resource-ref>
	<resource-ref>
		<res-ref-name>jdbc/fineossecref</res-ref-name>
		<jndi-name>java:/AKESO_SYS_SEC</jndi-name>		
	</resource-ref>
	<resource-ref>
		<res-ref-name>jdbc/fineosappref</res-ref-name>
		<jndi-name>java:/AKESO_SYS_ANA_APP</jndi-name>
	</resource-ref>
	<resource-ref>
		<res-ref-name>jdbc/fineossecref</res-ref-name>
		<jndi-name>java:/AKESO_SYS_ANA_SEC</jndi-name>		
	</resource-ref>
	<context-root>akeso-uat-services</context-root>
</jboss-web>