<?xml version="1.0" encoding="UTF-8"?>
<jboss-web>
	<security-domain>other</security-domain>
	<resource-ref>
		<res-ref-name>jdbc/fineosappref</res-ref-name>
		<jndi-name>java:/AKESO_DEV_APP</jndi-name>
	</resource-ref>
	<resource-ref>
		<res-ref-name>jdbc/fineossecref</res-ref-name>
		<jndi-name>java:/AKESO_DEV_SEC</jndi-name>		
	</resource-ref>
	<!-- <resource-ref>
		<res-ref-name>jdbc/fineosappref</res-ref-name>
		<jndi-name>java:/AKESO_DEV_ANA_APP</jndi-name>
	</resource-ref>
	<resource-ref>
		<res-ref-name>jdbc/fineossecref</res-ref-name>
		<jndi-name>java:/AKESO_DEV_ANA_SEC</jndi-name>		
	</resource-ref> -->
	<context-root>akeso-dev-services</context-root>
</jboss-web>